MAU-MIS-ORD-001	MAU-MIS-ORD-001_concept_v01.txt	Missiles/MAU-MIS-ORD-001/MAU-MIS-ORD-001_concept_v01.png	Ships/MAU-SHP-007/MAU-SHP-007_concept_v01.png	Concepts/Terran/Missiles/MIS-ORD-001/MIS-ORD-001_concept_v01.png
MAU-MIS-ORD-002	MAU-MIS-ORD-002_concept_v01.txt	Missiles/MAU-MIS-ORD-002/MAU-MIS-ORD-002_concept_v01.png	Ships/MAU-SHP-007/MAU-SHP-007_concept_v01.png	Concepts/Terran/Missiles/MIS-ORD-002/MIS-ORD-002_concept_v01.png
MAU-MIS-ORD-003	MAU-MIS-ORD-003_concept_v01.txt	Missiles/MAU-MIS-ORD-003/MAU-MIS-ORD-003_concept_v01.png	Ships/MAU-SHP-007/MAU-SHP-007_concept_v01.png	Concepts/Terran/Missiles/MIS-ORD-003/MIS-ORD-003_concept_v01.png
MAU-SAT-ORB-001	MAU-SAT-ORB-001_concept_v01.txt	Satellites/MAU-SAT-ORB-001/MAU-SAT-ORB-001_concept_v01.png	Ships/MAU-SHP-007/MAU-SHP-007_concept_v01.png	Concepts/Terran/Satellites/SAT-ORB-001/SAT-ORB-001_concept_v01.png
MAU-SAT-ORB-002	MAU-SAT-ORB-002_concept_v01.txt	Satellites/MAU-SAT-ORB-002/MAU-SAT-ORB-002_concept_v01.png	Ships/MAU-SHP-007/MAU-SHP-007_concept_v01.png	Concepts/Terran/Satellites/SAT-ORB-002/SAT-ORB-002_concept_v01.png
MAU-SAT-ORB-003	MAU-SAT-ORB-003_concept_v01.txt	Satellites/MAU-SAT-ORB-003/MAU-SAT-ORB-003_concept_v01.png	Ships/MAU-SHP-007/MAU-SHP-007_concept_v01.png	Concepts/Terran/Satellites/SAT-ORB-003/SAT-ORB-003_concept_v01.png
MAU-ENV-INF-001	MAU-ENV-INF-001_concept_v01.txt	Environment/MAU-ENV-INF-001/MAU-ENV-INF-001_concept_v01.png	Buildings/MAU-BLD-CMD-001/MAU-BLD-CMD-001_concept_v01.png	Concepts/Terran/Environment/ENV-INF-001/ENV-INF-001_concept_v01.png
MAU-ENV-INF-002	MAU-ENV-INF-002_concept_v01.txt	Environment/MAU-ENV-INF-002/MAU-ENV-INF-002_concept_v01.png	Buildings/MAU-BLD-CMD-001/MAU-BLD-CMD-001_concept_v01.png	Concepts/Terran/Environment/ENV-INF-002/ENV-INF-002_concept_v01.png
MAU-PRP-IND-001	MAU-PRP-IND-001_concept_v01.txt	Props/MAU-PRP-IND-001/MAU-PRP-IND-001_concept_v01.png	Buildings/MAU-BLD-CMD-001/MAU-BLD-CMD-001_concept_v01.png	Concepts/Terran/Props/PRP-IND-001/PRP-IND-001_concept_v01.png
MAU-PRP-IND-002	MAU-PRP-IND-002_concept_v01.txt	Props/MAU-PRP-IND-002/MAU-PRP-IND-002_concept_v01.png	Buildings/MAU-BLD-CMD-001/MAU-BLD-CMD-001_concept_v01.png	Concepts/Terran/Props/PRP-IND-002/PRP-IND-002_concept_v01.png
MAU-PRP-IND-003	MAU-PRP-IND-003_concept_v01.txt	Props/MAU-PRP-IND-003/MAU-PRP-IND-003_concept_v01.png	Buildings/MAU-BLD-CMD-001/MAU-BLD-CMD-001_concept_v01.png	Concepts/Terran/Props/PRP-IND-003/PRP-IND-003_concept_v01.png
MAU-PRP-IND-004	MAU-PRP-IND-004_concept_v01.txt	Props/MAU-PRP-IND-004/MAU-PRP-IND-004_concept_v01.png	Buildings/MAU-BLD-CMD-001/MAU-BLD-CMD-001_concept_v01.png	Concepts/Terran/Props/PRP-IND-004/PRP-IND-004_concept_v01.png
MAU-PRP-IND-005	MAU-PRP-IND-005_concept_v01.txt	Props/MAU-PRP-IND-005/MAU-PRP-IND-005_concept_v01.png	Buildings/MAU-BLD-CMD-001/MAU-BLD-CMD-001_concept_v01.png	Concepts/Terran/Props/PRP-IND-005/PRP-IND-005_concept_v01.png
MAU-PRP-IND-006	MAU-PRP-IND-006_concept_v01.txt	Props/MAU-PRP-IND-006/MAU-PRP-IND-006_concept_v01.png	Buildings/MAU-BLD-CMD-001/MAU-BLD-CMD-001_concept_v01.png	Concepts/Terran/Props/PRP-IND-006/PRP-IND-006_concept_v01.png
MAU-PRP-IND-007	MAU-PRP-IND-007_concept_v01.txt	Props/MAU-PRP-IND-007/MAU-PRP-IND-007_concept_v01.png	Buildings/MAU-BLD-CMD-001/MAU-BLD-CMD-001_concept_v01.png	Concepts/Terran/Props/PRP-IND-007/PRP-IND-007_concept_v01.png
MAU-PRP-CON-001	MAU-PRP-CON-001_concept_v01.txt	Props/MAU-PRP-CON-001/MAU-PRP-CON-001_concept_v01.png	Buildings/MAU-BLD-CMD-001/MAU-BLD-CMD-001_concept_v01.png	Concepts/Terran/Props/PRP-CON-001/PRP-CON-001_concept_v01.png
MAU-PRP-CON-002	MAU-PRP-CON-002_concept_v01.txt	Props/MAU-PRP-CON-002/MAU-PRP-CON-002_concept_v01.png	Buildings/MAU-BLD-CMD-001/MAU-BLD-CMD-001_concept_v01.png	Concepts/Terran/Props/PRP-CON-002/PRP-CON-002_concept_v01.png
