MAU-BLD-CMD-002	MAU-BLD-CMD-002_low-detail-sheet_v01.txt	Concepts/Mauna/Buildings/MAU-BLD-CMD-002/LowDetail/MAU-BLD-CMD-002_low-detail_concept_v01.png
MAU-BLD-DEF-001	MAU-BLD-DEF-001_low-detail-sheet_v01.txt	Concepts/Mauna/Buildings/MAU-BLD-DEF-001/LowDetail/MAU-BLD-DEF-001_low-detail_concept_v01.png
MAU-BLD-DEF-002	MAU-BLD-DEF-002_low-detail-sheet_v01.txt	Concepts/Mauna/Buildings/MAU-BLD-DEF-002/LowDetail/MAU-BLD-DEF-002_low-detail_concept_v01.png
MAU-BLD-DEF-003	MAU-BLD-DEF-003_low-detail-sheet_v01.txt	Concepts/Mauna/Buildings/MAU-BLD-DEF-003/LowDetail/MAU-BLD-DEF-003_low-detail_concept_v01.png
MAU-BLD-DEF-004	MAU-BLD-DEF-004_low-detail-sheet_v01.txt	Concepts/Mauna/Buildings/MAU-BLD-DEF-004/LowDetail/MAU-BLD-DEF-004_low-detail_concept_v01.png
MAU-BLD-DEF-005	MAU-BLD-DEF-005_low-detail-sheet_v01.txt	Concepts/Mauna/Buildings/MAU-BLD-DEF-005/LowDetail/MAU-BLD-DEF-005_low-detail_concept_v01.png
MAU-BLD-DEF-006	MAU-BLD-DEF-006_low-detail-sheet_v01.txt	Concepts/Mauna/Buildings/MAU-BLD-DEF-006/LowDetail/MAU-BLD-DEF-006_low-detail_concept_v01.png
MAU-BLD-DEF-007	MAU-BLD-DEF-007_low-detail-sheet_v01.txt	Concepts/Mauna/Buildings/MAU-BLD-DEF-007/LowDetail/MAU-BLD-DEF-007_low-detail_concept_v01.png
MAU-BLD-DEF-008	MAU-BLD-DEF-008_low-detail-sheet_v01.txt	Concepts/Mauna/Buildings/MAU-BLD-DEF-008/LowDetail/MAU-BLD-DEF-008_low-detail_concept_v01.png
MAU-BLD-HAB-001	MAU-BLD-HAB-001_low-detail-sheet_v01.txt	Concepts/Mauna/Buildings/MAU-BLD-HAB-001/LowDetail/MAU-BLD-HAB-001_low-detail_concept_v01.png
MAU-BLD-HAB-002	MAU-BLD-HAB-002_low-detail-sheet_v01.txt	Concepts/Mauna/Buildings/MAU-BLD-HAB-002/LowDetail/MAU-BLD-HAB-002_low-detail_concept_v01.png
MAU-BLD-HAB-003	MAU-BLD-HAB-003_low-detail-sheet_v01.txt	Concepts/Mauna/Buildings/MAU-BLD-HAB-003/LowDetail/MAU-BLD-HAB-003_low-detail_concept_v01.png
MAU-BLD-LIF-001	MAU-BLD-LIF-001_low-detail-sheet_v01.txt	Concepts/Mauna/Buildings/MAU-BLD-LIF-001/LowDetail/MAU-BLD-LIF-001_low-detail_concept_v01.png
MAU-BLD-LIF-002	MAU-BLD-LIF-002_low-detail-sheet_v01.txt	Concepts/Mauna/Buildings/MAU-BLD-LIF-002/LowDetail/MAU-BLD-LIF-002_low-detail_concept_v01.png
MAU-BLD-LIF-003	MAU-BLD-LIF-003_low-detail-sheet_v01.txt	Concepts/Mauna/Buildings/MAU-BLD-LIF-003/LowDetail/MAU-BLD-LIF-003_low-detail_concept_v01.png
MAU-BLD-LIF-004	MAU-BLD-LIF-004_low-detail-sheet_v01.txt	Concepts/Mauna/Buildings/MAU-BLD-LIF-004/LowDetail/MAU-BLD-LIF-004_low-detail_concept_v01.png
MAU-BLD-LIF-005	MAU-BLD-LIF-005_low-detail-sheet_v01.txt	Concepts/Mauna/Buildings/MAU-BLD-LIF-005/LowDetail/MAU-BLD-LIF-005_low-detail_concept_v01.png
MAU-BLD-LOG-001	MAU-BLD-LOG-001_low-detail-sheet_v01.txt	Concepts/Mauna/Buildings/MAU-BLD-LOG-001/LowDetail/MAU-BLD-LOG-001_low-detail_concept_v01.png
MAU-BLD-LOG-002	MAU-BLD-LOG-002_low-detail-sheet_v01.txt	Concepts/Mauna/Buildings/MAU-BLD-LOG-002/LowDetail/MAU-BLD-LOG-002_low-detail_concept_v01.png
MAU-BLD-LOG-003	MAU-BLD-LOG-003_low-detail-sheet_v01.txt	Concepts/Mauna/Buildings/MAU-BLD-LOG-003/LowDetail/MAU-BLD-LOG-003_low-detail_concept_v01.png
MAU-BLD-LOG-004	MAU-BLD-LOG-004_low-detail-sheet_v01.txt	Concepts/Mauna/Buildings/MAU-BLD-LOG-004/LowDetail/MAU-BLD-LOG-004_low-detail_concept_v01.png
MAU-BLD-MFG-001	MAU-BLD-MFG-001_low-detail-sheet_v01.txt	Concepts/Mauna/Buildings/MAU-BLD-MFG-001/LowDetail/MAU-BLD-MFG-001_low-detail_concept_v01.png
MAU-BLD-MFG-002	MAU-BLD-MFG-002_low-detail-sheet_v01.txt	Concepts/Mauna/Buildings/MAU-BLD-MFG-002/LowDetail/MAU-BLD-MFG-002_low-detail_concept_v01.png
MAU-BLD-MFG-003	MAU-BLD-MFG-003_low-detail-sheet_v01.txt	Concepts/Mauna/Buildings/MAU-BLD-MFG-003/LowDetail/MAU-BLD-MFG-003_low-detail_concept_v01.png
MAU-BLD-MFG-004	MAU-BLD-MFG-004_low-detail-sheet_v01.txt	Concepts/Mauna/Buildings/MAU-BLD-MFG-004/LowDetail/MAU-BLD-MFG-004_low-detail_concept_v01.png
MAU-BLD-MIN-001	MAU-BLD-MIN-001_low-detail-sheet_v01.txt	Concepts/Mauna/Buildings/MAU-BLD-MIN-001/LowDetail/MAU-BLD-MIN-001_low-detail_concept_v01.png
MAU-BLD-MIN-002	MAU-BLD-MIN-002_low-detail-sheet_v01.txt	Concepts/Mauna/Buildings/MAU-BLD-MIN-002/LowDetail/MAU-BLD-MIN-002_low-detail_concept_v01.png
MAU-BLD-MIN-003	MAU-BLD-MIN-003_low-detail-sheet_v01.txt	Concepts/Mauna/Buildings/MAU-BLD-MIN-003/LowDetail/MAU-BLD-MIN-003_low-detail_concept_v01.png
MAU-BLD-MIN-004	MAU-BLD-MIN-004_low-detail-sheet_v01.txt	Concepts/Mauna/Buildings/MAU-BLD-MIN-004/LowDetail/MAU-BLD-MIN-004_low-detail_concept_v01.png
MAU-BLD-PWR-001	MAU-BLD-PWR-001_low-detail-sheet_v01.txt	Concepts/Mauna/Buildings/MAU-BLD-PWR-001/LowDetail/MAU-BLD-PWR-001_low-detail_concept_v01.png
MAU-BLD-PWR-002	MAU-BLD-PWR-002_low-detail-sheet_v01.txt	Concepts/Mauna/Buildings/MAU-BLD-PWR-002/LowDetail/MAU-BLD-PWR-002_low-detail_concept_v02.png
MAU-BLD-PWR-003	MAU-BLD-PWR-003_low-detail-sheet_v01.txt	Concepts/Mauna/Buildings/MAU-BLD-PWR-003/LowDetail/MAU-BLD-PWR-003_low-detail_concept_v01.png
MAU-BLD-PWR-004	MAU-BLD-PWR-004_low-detail-sheet_v01.txt	Concepts/Mauna/Buildings/MAU-BLD-PWR-004/LowDetail/MAU-BLD-PWR-004_low-detail_concept_v01.png
MAU-BLD-PWR-005	MAU-BLD-PWR-005_low-detail-sheet_v01.txt	Concepts/Mauna/Buildings/MAU-BLD-PWR-005/LowDetail/MAU-BLD-PWR-005_low-detail_concept_v01.png
MAU-BLD-SEN-001	MAU-BLD-SEN-001_low-detail-sheet_v01.txt	Concepts/Mauna/Buildings/MAU-BLD-SEN-001/LowDetail/MAU-BLD-SEN-001_low-detail_concept_v01.png
MAU-BLD-SEN-002	MAU-BLD-SEN-002_low-detail-sheet_v01.txt	Concepts/Mauna/Buildings/MAU-BLD-SEN-002/LowDetail/MAU-BLD-SEN-002_low-detail_concept_v02.png
MAU-BLD-STO-001	MAU-BLD-STO-001_low-detail-sheet_v01.txt	Concepts/Mauna/Buildings/MAU-BLD-STO-001/LowDetail/MAU-BLD-STO-001_low-detail_concept_v01.png
MAU-BLD-STO-002	MAU-BLD-STO-002_low-detail-sheet_v01.txt	Concepts/Mauna/Buildings/MAU-BLD-STO-002/LowDetail/MAU-BLD-STO-002_low-detail_concept_v01.png
MAU-BLD-STO-003	MAU-BLD-STO-003_low-detail-sheet_v01.txt	Concepts/Mauna/Buildings/MAU-BLD-STO-003/LowDetail/MAU-BLD-STO-003_low-detail_concept_v01.png
MAU-BLD-TEC-001	MAU-BLD-TEC-001_low-detail-sheet_v01.txt	Concepts/Mauna/Buildings/MAU-BLD-TEC-001/LowDetail/MAU-BLD-TEC-001_low-detail_concept_v01.png
MAU-BLD-TEC-002	MAU-BLD-TEC-002_low-detail-sheet_v01.txt	Concepts/Mauna/Buildings/MAU-BLD-TEC-002/LowDetail/MAU-BLD-TEC-002_low-detail_concept_v01.png
MAU-BLD-TEC-003	MAU-BLD-TEC-003_low-detail-sheet_v01.txt	Concepts/Mauna/Buildings/MAU-BLD-TEC-003/LowDetail/MAU-BLD-TEC-003_low-detail_concept_v01.png
MAU-BLD-TEC-004	MAU-BLD-TEC-004_low-detail-sheet_v01.txt	Concepts/Mauna/Buildings/MAU-BLD-TEC-004/LowDetail/MAU-BLD-TEC-004_low-detail_concept_v01.png
MAU-BLD-TEC-005	MAU-BLD-TEC-005_low-detail-sheet_v01.txt	Concepts/Mauna/Buildings/MAU-BLD-TEC-005/LowDetail/MAU-BLD-TEC-005_low-detail_concept_v01.png
